Index,True_Label,Predicted_Label,Is_Correct
604,1.0,1.0,True
1046,0.0,1.0,False
763,0.0,1.0,False
551,1.0,1.0,True
1917,1.0,0.0,False
1230,1.0,0.0,False
2971,1.0,1.0,True
101,1.0,0.0,False
585,1.0,1.0,True
1754,1.0,1.0,True
3096,1.0,0.0,False
3571,1.0,1.0,True
3725,1.0,0.0,False
128,0.0,0.0,True
1273,0.0,1.0,False
1436,0.0,1.0,False
3289,1.0,1.0,True
2791,1.0,1.0,True
2507,1.0,0.0,False
830,0.0,1.0,False
2841,1.0,0.0,False
3058,0.0,0.0,True
1466,1.0,1.0,True
170,0.0,1.0,False
1649,0.0,0.0,True
3297,1.0,0.0,False
1167,0.0,0.0,True
1351,0.0,1.0,False
1762,1.0,1.0,True
2157,1.0,1.0,True
744,1.0,1.0,True
2676,1.0,1.0,True
3712,0.0,1.0,False
575,1.0,0.0,False
393,1.0,1.0,True
605,1.0,1.0,True
929,1.0,1.0,True
3143,1.0,1.0,True
3602,1.0,1.0,True
2503,1.0,1.0,True
2776,1.0,1.0,True
3327,1.0,1.0,True
1439,1.0,1.0,True
2146,0.0,1.0,False
447,0.0,0.0,True
2562,0.0,0.0,True
322,1.0,1.0,True
2058,1.0,1.0,True
2746,0.0,1.0,False
3301,1.0,1.0,True
2489,0.0,1.0,False
2380,0.0,1.0,False
2192,0.0,1.0,False
1143,1.0,1.0,True
1945,1.0,1.0,True
1689,1.0,1.0,True
1480,1.0,0.0,False
1452,0.0,0.0,True
775,1.0,1.0,True
3111,0.0,1.0,False
229,0.0,1.0,False
1995,1.0,1.0,True
2406,1.0,1.0,True
2252,0.0,0.0,True
2284,1.0,1.0,True
2990,1.0,1.0,True
2416,1.0,1.0,True
1904,0.0,0.0,True
3405,1.0,1.0,True
780,1.0,0.0,False
3552,1.0,1.0,True
3560,1.0,1.0,True
3335,0.0,1.0,False
109,1.0,1.0,True
1652,1.0,0.0,False
1567,1.0,1.0,True
443,0.0,1.0,False
620,1.0,1.0,True
2348,0.0,1.0,False
647,0.0,1.0,False
868,0.0,1.0,False
3440,1.0,1.0,True
183,0.0,1.0,False
2228,0.0,1.0,False
39,0.0,0.0,True
2935,0.0,1.0,False
679,1.0,0.0,False
96,1.0,1.0,True
3615,1.0,1.0,True
1692,1.0,0.0,False
3410,1.0,1.0,True
2829,1.0,1.0,True
2139,0.0,1.0,False
1635,0.0,0.0,True
2735,0.0,1.0,False
1815,0.0,1.0,False
2614,0.0,1.0,False
1190,0.0,0.0,True
674,0.0,0.0,True
2125,0.0,0.0,True
3303,1.0,1.0,True
947,0.0,1.0,False
1227,1.0,1.0,True
2171,0.0,1.0,False
3636,1.0,1.0,True
224,0.0,1.0,False
2286,0.0,1.0,False
2942,1.0,1.0,True
2164,1.0,1.0,True
162,1.0,0.0,False
2512,1.0,1.0,True
565,1.0,1.0,True
2025,0.0,0.0,True
2572,1.0,0.0,False
2681,1.0,1.0,True
1497,1.0,0.0,False
918,0.0,1.0,False
623,1.0,0.0,False
2806,1.0,1.0,True
1712,1.0,1.0,True
2640,1.0,0.0,False
3271,0.0,1.0,False
3331,1.0,1.0,True
1964,1.0,1.0,True
1122,1.0,1.0,True
3426,1.0,1.0,True
2491,1.0,1.0,True
3364,1.0,0.0,False
1593,1.0,1.0,True
718,1.0,1.0,True
3784,1.0,1.0,True
2238,1.0,0.0,False
293,1.0,0.0,False
3243,1.0,1.0,True
2433,1.0,1.0,True
922,1.0,1.0,True
3513,1.0,0.0,False
1733,1.0,1.0,True
677,1.0,1.0,True
3566,1.0,1.0,True
2807,0.0,1.0,False
164,0.0,1.0,False
3182,0.0,1.0,False
3304,1.0,1.0,True
1983,1.0,1.0,True
8,1.0,0.0,False
482,1.0,0.0,False
943,1.0,0.0,False
1742,1.0,1.0,True
2362,1.0,1.0,True
1272,0.0,1.0,False
836,1.0,1.0,True
1252,0.0,1.0,False
3610,0.0,1.0,False
275,0.0,1.0,False
452,1.0,0.0,False
185,1.0,1.0,True
2,0.0,1.0,False
2310,1.0,1.0,True
2647,1.0,1.0,True
919,1.0,0.0,False
1992,1.0,1.0,True
1222,1.0,1.0,True
2860,0.0,0.0,True
1495,0.0,1.0,False
84,0.0,1.0,False
1870,1.0,0.0,False
1030,1.0,1.0,True
3138,1.0,1.0,True
3482,1.0,0.0,False
3771,1.0,1.0,True
1146,1.0,0.0,False
3648,0.0,1.0,False
2327,1.0,1.0,True
1368,0.0,0.0,True
1511,1.0,1.0,True
1848,0.0,0.0,True
30,0.0,1.0,False
1644,0.0,1.0,False
3354,1.0,1.0,True
798,1.0,1.0,True
111,1.0,1.0,True
2736,1.0,1.0,True
2707,0.0,0.0,True
1902,1.0,1.0,True
195,0.0,1.0,False
3104,1.0,0.0,False
29,0.0,0.0,True
3101,1.0,1.0,True
124,0.0,1.0,False
1952,0.0,0.0,True
2995,1.0,1.0,True
93,0.0,1.0,False
401,0.0,1.0,False
2666,0.0,1.0,False
1373,0.0,1.0,False
3514,1.0,0.0,False
1985,0.0,1.0,False
3768,0.0,1.0,False
1961,0.0,1.0,False
771,1.0,1.0,True
1330,0.0,1.0,False
2540,1.0,1.0,True
900,1.0,1.0,True
1834,1.0,0.0,False
1100,0.0,1.0,False
1769,1.0,1.0,True
1308,0.0,1.0,False
1169,0.0,0.0,True
2518,1.0,0.0,False
3298,1.0,1.0,True
1807,0.0,0.0,True
1002,0.0,0.0,True
3275,0.0,1.0,False
694,1.0,0.0,False
2131,1.0,0.0,False
3744,1.0,1.0,True
2704,1.0,1.0,True
3732,0.0,1.0,False
3647,0.0,1.0,False
1386,1.0,1.0,True
924,1.0,1.0,True
1633,0.0,0.0,True
209,0.0,1.0,False
2919,1.0,1.0,True
456,1.0,0.0,False
870,1.0,1.0,True
621,1.0,1.0,True
3764,0.0,1.0,False
176,0.0,1.0,False
2198,1.0,0.0,False
856,1.0,0.0,False
1253,1.0,0.0,False
985,0.0,0.0,True
1696,1.0,1.0,True
2353,1.0,0.0,False
2260,0.0,1.0,False
902,0.0,1.0,False
1976,1.0,0.0,False
3613,1.0,0.0,False
676,1.0,1.0,True
1007,0.0,1.0,False
751,0.0,1.0,False
2127,1.0,1.0,True
1934,1.0,1.0,True
3404,1.0,1.0,True
2532,1.0,1.0,True
3215,1.0,0.0,False
3102,1.0,1.0,True
521,0.0,1.0,False
1040,0.0,1.0,False
3745,0.0,0.0,True
1676,0.0,1.0,False
2933,1.0,1.0,True
3236,1.0,1.0,True
242,0.0,1.0,False
2867,1.0,1.0,True
3497,0.0,1.0,False
1050,1.0,0.0,False
497,1.0,1.0,True
2423,1.0,1.0,True
1101,1.0,1.0,True
2832,1.0,0.0,False
543,1.0,1.0,True
2688,1.0,1.0,True
2281,0.0,1.0,False
3425,1.0,1.0,True
2678,0.0,0.0,True
3651,0.0,0.0,True
1348,0.0,0.0,True
150,0.0,1.0,False
1425,0.0,1.0,False
3774,1.0,1.0,True
1280,0.0,1.0,False
3315,1.0,1.0,True
3223,0.0,1.0,False
2588,1.0,0.0,False
642,0.0,1.0,False
3129,1.0,1.0,True
1759,0.0,1.0,False
601,0.0,0.0,True
1861,1.0,0.0,False
3218,1.0,1.0,True
3343,0.0,1.0,False
3461,1.0,1.0,True
2397,1.0,1.0,True
144,1.0,1.0,True
865,0.0,1.0,False
3011,1.0,1.0,True
2665,1.0,1.0,True
1650,1.0,1.0,True
3241,0.0,1.0,False
3730,1.0,1.0,True
2878,1.0,1.0,True
813,1.0,1.0,True
3582,1.0,0.0,False
507,0.0,0.0,True
3296,1.0,1.0,True
2083,1.0,1.0,True
143,1.0,1.0,True
1831,1.0,1.0,True
1897,1.0,0.0,False
2859,1.0,0.0,False
79,0.0,0.0,True
3041,1.0,0.0,False
425,1.0,1.0,True
3033,1.0,0.0,False
928,1.0,1.0,True
1516,1.0,0.0,False
25,1.0,0.0,False
3072,0.0,0.0,True
553,0.0,1.0,False
320,1.0,1.0,True
3460,0.0,1.0,False
1193,0.0,1.0,False
1186,0.0,1.0,False
1479,1.0,1.0,True
1062,1.0,1.0,True
3640,1.0,0.0,False
408,1.0,0.0,False
3727,0.0,1.0,False
3688,1.0,0.0,False
2951,0.0,1.0,False
62,0.0,0.0,True
550,0.0,1.0,False
938,0.0,1.0,False
3490,1.0,1.0,True
399,0.0,1.0,False
2778,0.0,1.0,False
3075,0.0,0.0,True
2932,0.0,0.0,True
3253,1.0,0.0,False
1093,1.0,0.0,False
2810,1.0,1.0,True
837,1.0,1.0,True
1327,1.0,1.0,True
1641,1.0,1.0,True
2471,1.0,1.0,True
232,1.0,1.0,True
835,0.0,0.0,True
448,1.0,0.0,False
3192,0.0,1.0,False
2279,0.0,0.0,True
2040,1.0,0.0,False
3376,1.0,1.0,True
2134,0.0,1.0,False
1727,1.0,1.0,True
3398,1.0,1.0,True
104,1.0,0.0,False
2014,0.0,0.0,True
460,1.0,0.0,False
3593,1.0,0.0,False
1871,1.0,0.0,False
1579,0.0,1.0,False
2291,1.0,1.0,True
1365,0.0,0.0,True
2555,0.0,1.0,False
2526,1.0,1.0,True
2668,1.0,0.0,False
148,0.0,1.0,False
2852,1.0,1.0,True
1203,1.0,1.0,True
444,0.0,1.0,False
3655,0.0,0.0,True
1724,0.0,0.0,True
2257,1.0,1.0,True
874,1.0,0.0,False
812,0.0,0.0,True
3533,1.0,0.0,False
3025,1.0,0.0,False
1150,1.0,0.0,False
2184,0.0,0.0,True
2339,1.0,1.0,True
1394,1.0,0.0,False
1183,0.0,1.0,False
441,1.0,1.0,True
2737,0.0,1.0,False
2236,1.0,1.0,True
1345,0.0,1.0,False
483,0.0,1.0,False
2649,1.0,1.0,True
3136,1.0,1.0,True
2943,0.0,1.0,False
1171,1.0,0.0,False
1192,1.0,1.0,True
1165,1.0,0.0,False
1520,1.0,0.0,False
3211,1.0,1.0,True
3336,1.0,0.0,False
1873,1.0,1.0,True
570,1.0,1.0,True
769,1.0,1.0,True
705,0.0,1.0,False
1629,0.0,1.0,False
3149,0.0,0.0,True
206,1.0,1.0,True
1226,1.0,1.0,True
174,0.0,1.0,False
2866,1.0,0.0,False
966,0.0,0.0,True
3686,1.0,1.0,True
2106,1.0,0.0,False
2853,1.0,1.0,True
3299,1.0,0.0,False
1238,0.0,1.0,False
860,1.0,1.0,True
3239,1.0,1.0,True
2110,0.0,1.0,False
989,1.0,1.0,True
2620,0.0,1.0,False
610,1.0,0.0,False
1106,1.0,0.0,False
1248,0.0,1.0,False
1604,1.0,1.0,True
329,0.0,1.0,False
852,0.0,0.0,True
1314,1.0,1.0,True
2931,1.0,1.0,True
3687,1.0,1.0,True
136,1.0,1.0,True
364,0.0,1.0,False
1535,1.0,1.0,True
3638,1.0,1.0,True
1943,1.0,0.0,False
869,1.0,0.0,False
1355,1.0,0.0,False
2669,0.0,1.0,False
2055,0.0,0.0,True
2779,1.0,1.0,True
746,1.0,0.0,False
1087,0.0,1.0,False
67,1.0,0.0,False
3528,0.0,1.0,False
2357,1.0,1.0,True
3094,0.0,1.0,False
1703,1.0,1.0,True
2504,1.0,1.0,True
268,1.0,0.0,False
1441,0.0,1.0,False
1776,1.0,0.0,False
2947,0.0,1.0,False
462,1.0,0.0,False
2825,1.0,1.0,True
534,0.0,1.0,False
3456,0.0,1.0,False
2248,1.0,1.0,True
3005,1.0,0.0,False
3562,0.0,1.0,False
1070,0.0,1.0,False
34,0.0,0.0,True
757,0.0,0.0,True
1850,0.0,1.0,False
1804,1.0,0.0,False
2612,1.0,0.0,False
1875,0.0,1.0,False
2787,1.0,1.0,True
2609,1.0,0.0,False
2644,1.0,1.0,True
2621,1.0,1.0,True
2089,1.0,1.0,True
2493,1.0,0.0,False
1313,1.0,1.0,True
1396,0.0,0.0,True
726,1.0,1.0,True
1341,0.0,0.0,True
3652,0.0,1.0,False
2548,1.0,1.0,True
3056,0.0,0.0,True
3674,0.0,0.0,True
1053,0.0,0.0,True
2221,0.0,0.0,True
2740,0.0,1.0,False
801,1.0,1.0,True
1973,1.0,0.0,False
110,0.0,0.0,True
52,1.0,1.0,True
3778,1.0,1.0,True
2234,1.0,1.0,True
316,1.0,0.0,False
1090,1.0,0.0,False
1908,0.0,1.0,False
3199,0.0,1.0,False
194,0.0,0.0,True
3110,1.0,1.0,True
3064,1.0,1.0,True
2396,0.0,1.0,False
901,1.0,0.0,False
861,0.0,1.0,False
2840,1.0,1.0,True
1201,1.0,1.0,True
742,0.0,0.0,True
2087,1.0,1.0,True
3022,1.0,1.0,True
2389,1.0,0.0,False
3068,0.0,1.0,False
808,1.0,0.0,False
1048,0.0,0.0,True
2986,1.0,1.0,True
3644,1.0,0.0,False
2405,1.0,1.0,True
31,1.0,1.0,True
1658,1.0,1.0,True
3103,1.0,1.0,True
2117,0.0,1.0,False
3445,1.0,1.0,True
3600,0.0,1.0,False
3635,1.0,0.0,False
212,0.0,1.0,False
2161,1.0,1.0,True
1856,1.0,1.0,True
1217,1.0,1.0,True
3659,1.0,1.0,True
321,0.0,0.0,True
2842,0.0,1.0,False
258,0.0,0.0,True
3694,1.0,1.0,True
489,0.0,1.0,False
3748,0.0,1.0,False
1989,1.0,0.0,False
3234,0.0,1.0,False
2539,1.0,0.0,False
2097,0.0,1.0,False
1725,1.0,1.0,True
3621,1.0,0.0,False
1501,0.0,1.0,False
1687,1.0,0.0,False
2091,0.0,1.0,False
684,1.0,0.0,False
3307,1.0,0.0,False
440,1.0,1.0,True
1868,1.0,0.0,False
1515,1.0,1.0,True
810,1.0,1.0,True
1490,0.0,0.0,True
2294,0.0,1.0,False
3081,0.0,1.0,False
1606,0.0,0.0,True
2558,0.0,1.0,False
1987,1.0,1.0,True
2633,0.0,1.0,False
3717,0.0,1.0,False
3320,1.0,1.0,True
2637,0.0,0.0,True
222,0.0,0.0,True
1590,1.0,0.0,False
1459,1.0,1.0,True
3318,1.0,1.0,True
3556,0.0,1.0,False
2680,1.0,1.0,True
2989,1.0,1.0,True
3174,0.0,1.0,False
2432,1.0,1.0,True
609,1.0,1.0,True
1065,1.0,1.0,True
81,1.0,1.0,True
3765,1.0,1.0,True
1509,1.0,1.0,True
3083,0.0,1.0,False
1818,1.0,1.0,True
2070,0.0,1.0,False
1544,1.0,1.0,True
3667,0.0,1.0,False
2410,1.0,1.0,True
2180,1.0,1.0,True
3367,0.0,1.0,False
2946,0.0,1.0,False
1359,1.0,1.0,True
3302,1.0,1.0,True
3722,0.0,1.0,False
2167,1.0,1.0,True
611,1.0,1.0,True
524,0.0,1.0,False
1615,1.0,1.0,True
866,0.0,0.0,True
506,0.0,0.0,True
2571,1.0,1.0,True
2455,1.0,1.0,True
3643,1.0,0.0,False
2326,1.0,1.0,True
717,0.0,1.0,False
546,1.0,1.0,True
1290,0.0,1.0,False
2915,1.0,1.0,True
2577,0.0,1.0,False
1447,1.0,1.0,True
3023,1.0,1.0,True
3324,1.0,1.0,True
1710,1.0,1.0,True
1613,1.0,1.0,True
3670,1.0,0.0,False
1890,1.0,0.0,False
1574,1.0,1.0,True
3026,1.0,0.0,False
1777,1.0,1.0,True
2078,0.0,1.0,False
2267,0.0,0.0,True
3539,1.0,1.0,True
291,1.0,1.0,True
3105,0.0,0.0,True
3714,0.0,1.0,False
1034,0.0,0.0,True
1004,1.0,0.0,False
35,0.0,0.0,True
1170,1.0,1.0,True
205,1.0,1.0,True
1114,1.0,0.0,False
3269,1.0,1.0,True
3492,1.0,1.0,True
968,0.0,1.0,False
2086,1.0,0.0,False
3415,1.0,1.0,True
1014,0.0,0.0,True
788,1.0,1.0,True
1713,0.0,1.0,False
596,0.0,1.0,False
2186,1.0,1.0,True
1019,0.0,0.0,True
2784,1.0,0.0,False
204,1.0,1.0,True
3755,0.0,1.0,False
3002,1.0,1.0,True
3471,1.0,1.0,True
875,0.0,1.0,False
495,0.0,1.0,False
2924,1.0,1.0,True
461,0.0,1.0,False
1484,0.0,1.0,False
1408,1.0,1.0,True
2599,1.0,1.0,True
1362,1.0,0.0,False
915,1.0,1.0,True
3614,1.0,1.0,True
1715,0.0,1.0,False
116,1.0,1.0,True
2710,0.0,1.0,False
970,1.0,1.0,True
529,1.0,0.0,False
3650,0.0,1.0,False
1674,0.0,1.0,False
3757,1.0,0.0,False
1583,0.0,0.0,True
1851,0.0,1.0,False
3543,0.0,0.0,True
3166,0.0,1.0,False
281,0.0,1.0,False
498,0.0,1.0,False
1839,1.0,0.0,False
756,0.0,1.0,False
1588,1.0,1.0,True
383,1.0,0.0,False
422,1.0,1.0,True
3085,0.0,0.0,True
1586,1.0,0.0,False
311,1.0,1.0,True
910,0.0,1.0,False
2463,0.0,1.0,False
3248,1.0,1.0,True
880,0.0,0.0,True
2460,0.0,1.0,False
2073,1.0,1.0,True
1200,1.0,1.0,True
2610,1.0,0.0,False
257,1.0,0.0,False
2535,0.0,1.0,False
1457,1.0,0.0,False
1774,1.0,1.0,True
431,1.0,0.0,False
1522,1.0,1.0,True
220,1.0,1.0,True
2141,0.0,0.0,True
992,1.0,0.0,False
2220,1.0,1.0,True
3163,0.0,1.0,False
313,0.0,0.0,True
1134,1.0,1.0,True
671,0.0,1.0,False
178,0.0,1.0,False
1205,1.0,1.0,True
514,1.0,1.0,True
1067,0.0,1.0,False
1600,1.0,1.0,True
1937,0.0,0.0,True
201,1.0,0.0,False
2589,1.0,1.0,True
1164,1.0,1.0,True
790,1.0,1.0,True
1144,0.0,1.0,False
3034,1.0,0.0,False
1198,0.0,1.0,False
2583,0.0,0.0,True
749,1.0,1.0,True
405,0.0,1.0,False
2926,1.0,1.0,True
259,0.0,1.0,False
375,0.0,1.0,False
3779,1.0,0.0,False
3321,1.0,1.0,True
2752,0.0,1.0,False
1797,1.0,1.0,True
1105,1.0,0.0,False
957,1.0,0.0,False
2673,0.0,1.0,False
2568,1.0,1.0,True
2868,1.0,0.0,False
1829,0.0,1.0,False
1251,1.0,1.0,True
2462,0.0,1.0,False
1526,0.0,0.0,True
2124,1.0,0.0,False
2369,1.0,0.0,False
1154,1.0,1.0,True
839,0.0,0.0,True
3591,0.0,1.0,False
827,0.0,0.0,True
1537,1.0,1.0,True
2854,1.0,0.0,False
934,0.0,0.0,True
3069,1.0,1.0,True
1187,0.0,1.0,False
1854,1.0,1.0,True
1277,0.0,0.0,True
3365,0.0,1.0,False
2356,1.0,1.0,True
831,0.0,1.0,False
2772,1.0,1.0,True
923,0.0,0.0,True
2378,0.0,1.0,False
3488,1.0,1.0,True
2050,0.0,1.0,False
1531,1.0,1.0,True
956,0.0,1.0,False
1376,0.0,0.0,True
3030,1.0,1.0,True
2026,1.0,0.0,False
1375,0.0,1.0,False
2384,0.0,0.0,True
1326,1.0,1.0,True
1405,0.0,1.0,False
859,1.0,1.0,True
3736,1.0,0.0,False
3341,1.0,1.0,True
2218,1.0,0.0,False
413,0.0,0.0,True
3444,1.0,0.0,False
1300,1.0,0.0,False
2123,1.0,1.0,True
2450,0.0,1.0,False
2022,0.0,0.0,True
3046,1.0,0.0,False
367,1.0,1.0,True
2444,1.0,1.0,True
2419,1.0,1.0,True
1584,1.0,1.0,True
3519,1.0,1.0,True
2839,0.0,1.0,False
3267,0.0,1.0,False
2485,1.0,0.0,False
191,0.0,1.0,False
1508,0.0,0.0,True
1316,1.0,0.0,False
1717,1.0,1.0,True
3368,1.0,1.0,True
1599,1.0,1.0,True
1939,0.0,1.0,False
421,1.0,0.0,False
728,0.0,1.0,False
2639,0.0,1.0,False
1514,0.0,1.0,False
2754,1.0,0.0,False
1258,0.0,1.0,False
697,0.0,0.0,True
1668,0.0,0.0,True
1141,1.0,1.0,True
1042,1.0,1.0,True
2674,1.0,1.0,True
18,0.0,0.0,True
1083,1.0,1.0,True
2721,0.0,1.0,False
2595,1.0,0.0,False
2881,1.0,1.0,True
1842,0.0,1.0,False
789,1.0,1.0,True
2130,1.0,1.0,True
3164,0.0,1.0,False
873,0.0,0.0,True
735,1.0,0.0,False
2062,0.0,1.0,False
3418,0.0,0.0,True
2197,1.0,1.0,True
526,0.0,1.0,False
3580,1.0,0.0,False
2766,1.0,0.0,False
3018,1.0,1.0,True
2057,0.0,1.0,False
2977,1.0,0.0,False
2563,1.0,0.0,False
2256,1.0,0.0,False
40,1.0,1.0,True
3534,1.0,1.0,True
3113,0.0,1.0,False
184,1.0,1.0,True
1388,0.0,1.0,False
818,1.0,1.0,True
1657,0.0,0.0,True
3760,0.0,1.0,False
3130,0.0,1.0,False
3133,0.0,1.0,False
1153,0.0,0.0,True
1010,1.0,1.0,True
2753,1.0,1.0,True
3264,1.0,1.0,True
337,0.0,1.0,False
387,0.0,1.0,False
3427,1.0,0.0,False
1361,1.0,1.0,True
14,1.0,0.0,False
1833,0.0,1.0,False
730,1.0,1.0,True
3371,1.0,0.0,False
3487,1.0,0.0,False
2941,0.0,0.0,True
2694,0.0,1.0,False
3261,0.0,1.0,False
2288,0.0,1.0,False
3119,0.0,1.0,False
139,1.0,0.0,False
1800,1.0,1.0,True
1416,1.0,0.0,False
3681,1.0,0.0,False
2021,1.0,1.0,True
1298,0.0,1.0,False
2578,0.0,1.0,False
1565,1.0,1.0,True
1755,1.0,1.0,True
3270,1.0,1.0,True
654,1.0,0.0,False
820,1.0,1.0,True
1921,1.0,1.0,True
3449,1.0,1.0,True
2261,0.0,1.0,False
3622,0.0,1.0,False
2664,0.0,1.0,False
3641,1.0,1.0,True
1421,1.0,0.0,False
1481,1.0,1.0,True
2090,0.0,1.0,False
1022,1.0,0.0,False
3541,0.0,0.0,True
2024,0.0,1.0,False
3542,0.0,0.0,True
3605,1.0,1.0,True
211,0.0,1.0,False
463,0.0,1.0,False
1849,0.0,1.0,False
168,1.0,0.0,False
3277,0.0,0.0,True
2765,1.0,1.0,True
2573,1.0,0.0,False
1918,1.0,0.0,False
3750,1.0,1.0,True
1486,0.0,1.0,False
105,0.0,1.0,False
265,1.0,0.0,False
400,0.0,0.0,True
889,1.0,0.0,False
1305,0.0,1.0,False
140,1.0,1.0,True
172,0.0,1.0,False
2301,0.0,0.0,True
475,0.0,0.0,True
569,1.0,1.0,True
1374,0.0,1.0,False
3394,1.0,1.0,True
165,0.0,1.0,False
1311,1.0,0.0,False
2486,0.0,0.0,True
2203,0.0,1.0,False
1472,1.0,0.0,False
2191,1.0,0.0,False
754,0.0,1.0,False
3230,0.0,1.0,False
392,0.0,1.0,False
2843,1.0,0.0,False
2059,0.0,1.0,False
2830,1.0,1.0,True
650,1.0,0.0,False
1994,0.0,1.0,False
2955,0.0,1.0,False
2102,1.0,1.0,True
219,0.0,0.0,True
188,0.0,1.0,False
2543,1.0,1.0,True
3257,0.0,0.0,True
1648,1.0,1.0,True
1925,1.0,1.0,True
1312,1.0,1.0,True
1431,1.0,1.0,True
636,1.0,0.0,False
3630,1.0,1.0,True
3583,1.0,1.0,True
2642,0.0,1.0,False
2651,0.0,1.0,False
1400,1.0,1.0,True
3242,1.0,1.0,True
1464,1.0,0.0,False
1451,0.0,0.0,True
925,1.0,1.0,True
725,1.0,1.0,True
821,0.0,0.0,True
239,0.0,1.0,False
3733,1.0,1.0,True
414,1.0,1.0,True
594,1.0,0.0,False
1697,0.0,0.0,True
3508,0.0,1.0,False
692,1.0,0.0,False
2358,1.0,0.0,False
319,1.0,0.0,False
2473,1.0,1.0,True
2838,0.0,1.0,False
1395,1.0,0.0,False
505,1.0,0.0,False
792,0.0,1.0,False
3186,1.0,1.0,True
2497,1.0,0.0,False
1521,0.0,1.0,False
871,1.0,1.0,True
1377,0.0,0.0,True
2282,0.0,0.0,True
704,0.0,1.0,False
1578,1.0,1.0,True
1889,1.0,1.0,True
2533,0.0,1.0,False
2274,1.0,1.0,True
1927,1.0,1.0,True
2969,1.0,0.0,False
3001,1.0,1.0,True
361,0.0,1.0,False
2890,1.0,1.0,True
1443,0.0,1.0,False
1911,0.0,1.0,False
1876,1.0,1.0,True
386,1.0,0.0,False
2789,0.0,1.0,False
280,0.0,0.0,True
3532,1.0,0.0,False
3255,1.0,1.0,True
3250,1.0,1.0,True
1115,1.0,0.0,False
1564,1.0,1.0,True
1726,1.0,1.0,True
3042,1.0,1.0,True
2072,0.0,1.0,False
1504,1.0,1.0,True
61,0.0,1.0,False
3525,0.0,1.0,False
2049,1.0,1.0,True
1771,0.0,1.0,False
838,1.0,0.0,False
3157,0.0,0.0,True
2376,1.0,0.0,False
1493,1.0,0.0,False
1673,1.0,1.0,True
3314,0.0,1.0,False
3097,0.0,0.0,True
2098,1.0,1.0,True
2870,0.0,1.0,False
2764,1.0,0.0,False
1743,0.0,0.0,True
2350,1.0,1.0,True
2365,1.0,1.0,True
3175,1.0,1.0,True
3306,1.0,0.0,False
729,1.0,1.0,True
3035,1.0,1.0,True
1596,0.0,0.0,True
2342,0.0,0.0,True
2438,0.0,1.0,False
1534,0.0,0.0,True
804,0.0,1.0,False
180,0.0,0.0,True
2387,1.0,1.0,True
3520,0.0,1.0,False
1188,1.0,1.0,True
464,0.0,0.0,True
593,1.0,1.0,True
3179,0.0,0.0,True
21,0.0,1.0,False
1135,1.0,1.0,True
699,0.0,1.0,False
2823,1.0,0.0,False
1412,0.0,1.0,False
819,0.0,0.0,True
2559,1.0,1.0,True
1591,1.0,0.0,False
3029,1.0,1.0,True
3684,1.0,0.0,False
1240,1.0,0.0,False
1047,0.0,1.0,False
1970,1.0,0.0,False
3389,1.0,1.0,True
3037,0.0,1.0,False
741,0.0,1.0,False
1168,0.0,1.0,False
2247,1.0,0.0,False
2686,0.0,0.0,True
1347,1.0,1.0,True
3177,0.0,1.0,False
2181,0.0,1.0,False
3053,1.0,1.0,True
1424,0.0,1.0,False
3378,1.0,0.0,False
2702,1.0,0.0,False
2952,0.0,1.0,False
3358,1.0,1.0,True
1391,0.0,0.0,True
3703,1.0,1.0,True
2377,1.0,1.0,True
3333,0.0,1.0,False
1369,0.0,1.0,False
3680,1.0,1.0,True
998,1.0,1.0,True
972,0.0,1.0,False
133,0.0,0.0,True
863,1.0,1.0,True
1825,0.0,0.0,True
3697,1.0,1.0,True
927,1.0,0.0,False
4,0.0,1.0,False
2122,0.0,1.0,False
1245,0.0,1.0,False
3693,1.0,1.0,True
3184,1.0,1.0,True
374,1.0,1.0,True
345,1.0,1.0,True
2132,1.0,1.0,True
1328,1.0,1.0,True
2691,0.0,1.0,False
2761,1.0,1.0,True
2440,1.0,1.0,True
939,0.0,1.0,False
102,0.0,1.0,False
169,0.0,1.0,False
2586,1.0,1.0,True
2341,1.0,1.0,True
2849,1.0,0.0,False
566,0.0,0.0,True
1307,1.0,1.0,True
1086,0.0,0.0,True
380,1.0,1.0,True
2913,0.0,1.0,False
1924,1.0,1.0,True
3044,1.0,1.0,True
1393,1.0,0.0,False
2270,0.0,1.0,False
1541,0.0,0.0,True
1503,0.0,1.0,False
303,0.0,1.0,False
2962,0.0,0.0,True
1023,1.0,1.0,True
2249,1.0,1.0,True
3244,0.0,1.0,False
1063,1.0,1.0,True
3741,1.0,1.0,True
2797,0.0,1.0,False
1219,1.0,0.0,False
80,0.0,1.0,False
1342,0.0,1.0,False
1043,1.0,0.0,False
1145,1.0,1.0,True
1838,0.0,1.0,False
1194,1.0,1.0,True
469,0.0,1.0,False
2876,1.0,1.0,True
1845,0.0,0.0,True
3439,1.0,0.0,False
3167,1.0,0.0,False
396,1.0,1.0,True
474,1.0,1.0,True
1381,0.0,1.0,False
3087,1.0,0.0,False
289,1.0,1.0,True
236,1.0,1.0,True
91,0.0,1.0,False
712,0.0,1.0,False
2298,1.0,1.0,True
3707,1.0,0.0,False
3548,1.0,0.0,False
342,0.0,1.0,False
2108,0.0,1.0,False
2367,0.0,1.0,False
1903,1.0,0.0,False
3612,1.0,1.0,True
2193,1.0,0.0,False
487,1.0,0.0,False
635,1.0,1.0,True
244,0.0,0.0,True
3377,1.0,1.0,True
1990,0.0,0.0,True
2997,1.0,0.0,False
2388,1.0,0.0,False
3150,1.0,1.0,True
2846,0.0,1.0,False
181,1.0,1.0,True
2888,0.0,1.0,False
2701,1.0,0.0,False
338,1.0,0.0,False
46,0.0,1.0,False
1570,1.0,1.0,True
3728,0.0,0.0,True
3481,1.0,1.0,True
3292,1.0,1.0,True
260,1.0,0.0,False
800,0.0,1.0,False
1343,0.0,0.0,True
2863,1.0,1.0,True
1955,0.0,1.0,False
3448,1.0,1.0,True
3054,1.0,1.0,True
1846,1.0,0.0,False
55,0.0,1.0,False
3540,0.0,0.0,True
3719,1.0,1.0,True
523,1.0,0.0,False
1249,1.0,1.0,True
2901,1.0,1.0,True
622,0.0,1.0,False
3780,1.0,1.0,True
582,0.0,0.0,True
3024,0.0,0.0,True
3483,0.0,1.0,False
192,0.0,0.0,True
1853,1.0,1.0,True
1124,0.0,1.0,False
567,0.0,1.0,False
3132,1.0,1.0,True
3372,0.0,1.0,False
3658,1.0,1.0,True
2386,1.0,0.0,False
1758,1.0,0.0,False
2770,1.0,1.0,True
3353,1.0,0.0,False
1915,1.0,1.0,True
3345,1.0,1.0,True
2547,0.0,1.0,False
1125,0.0,0.0,True
2359,1.0,1.0,True
2354,0.0,1.0,False
556,1.0,0.0,False
2012,0.0,1.0,False
3009,1.0,0.0,False
2795,1.0,1.0,True
1678,1.0,1.0,True
2244,1.0,1.0,True
466,0.0,1.0,False
1830,0.0,1.0,False
2155,1.0,1.0,True
2420,1.0,0.0,False
336,0.0,1.0,False
2414,1.0,1.0,True
2930,1.0,1.0,True
1962,0.0,1.0,False
1398,1.0,1.0,True
1659,0.0,0.0,True
531,0.0,0.0,True
986,0.0,0.0,True
2606,1.0,1.0,True
2546,0.0,1.0,False
685,1.0,1.0,True
369,0.0,1.0,False
3386,1.0,1.0,True
941,1.0,1.0,True
3185,1.0,0.0,False
1631,0.0,0.0,True
1432,1.0,1.0,True
428,1.0,1.0,True
2111,1.0,1.0,True
3639,1.0,1.0,True
1546,1.0,1.0,True
639,0.0,0.0,True
1126,0.0,0.0,True
1610,0.0,1.0,False
2920,1.0,0.0,False
3228,1.0,0.0,False
2622,0.0,1.0,False
2031,0.0,0.0,True
486,0.0,1.0,False
435,1.0,0.0,False
1998,0.0,0.0,True
3379,1.0,1.0,True
3788,1.0,1.0,True
197,1.0,1.0,True
2627,0.0,0.0,True
1731,1.0,1.0,True
1092,0.0,1.0,False
2496,1.0,1.0,True
2777,0.0,0.0,True
1958,0.0,1.0,False
1938,0.0,0.0,True
2945,1.0,0.0,False
3781,1.0,1.0,True
720,1.0,1.0,True
3701,1.0,0.0,False
2447,1.0,1.0,True
451,0.0,0.0,True
508,1.0,1.0,True
2663,0.0,1.0,False
2366,1.0,1.0,True
3406,1.0,0.0,False
2241,1.0,1.0,True
784,1.0,1.0,True
1704,1.0,0.0,False
3063,1.0,0.0,False
2889,0.0,1.0,False
2292,0.0,0.0,True
657,0.0,0.0,True
1366,0.0,0.0,True
1434,1.0,0.0,False
2650,0.0,1.0,False
1954,0.0,1.0,False
3374,1.0,1.0,True
1993,1.0,0.0,False
2041,0.0,1.0,False
952,0.0,1.0,False
542,0.0,1.0,False
731,0.0,1.0,False
49,1.0,1.0,True
2212,0.0,1.0,False
1455,1.0,1.0,True
1949,0.0,1.0,False
3109,1.0,0.0,False
2209,0.0,1.0,False
2263,1.0,1.0,True
186,1.0,0.0,False
2451,0.0,1.0,False
1081,0.0,1.0,False
432,1.0,1.0,True
2501,0.0,0.0,True
3373,1.0,1.0,True
459,1.0,1.0,True
3355,0.0,1.0,False
535,0.0,0.0,True
2487,0.0,1.0,False
1399,1.0,0.0,False
828,0.0,0.0,True
638,1.0,0.0,False
3123,0.0,1.0,False
2967,1.0,1.0,True
54,1.0,1.0,True
2506,1.0,1.0,True
1573,1.0,1.0,True
2751,1.0,0.0,False
3357,1.0,0.0,False
1781,0.0,1.0,False
1968,0.0,0.0,True
1489,1.0,1.0,True
3247,1.0,0.0,False
2430,1.0,0.0,False
341,0.0,1.0,False
2488,1.0,0.0,False
1984,1.0,1.0,True
1118,1.0,1.0,True
3484,0.0,1.0,False
1204,0.0,1.0,False
3388,0.0,1.0,False
1082,0.0,1.0,False
1211,1.0,1.0,True
2551,1.0,1.0,True
2705,1.0,1.0,True
1906,1.0,0.0,False
1680,1.0,0.0,False
2499,1.0,1.0,True
2667,1.0,0.0,False
1891,0.0,1.0,False
2718,0.0,0.0,True
3626,1.0,0.0,False
931,1.0,1.0,True
2133,1.0,0.0,False
2475,1.0,1.0,True
3330,1.0,1.0,True
2201,1.0,1.0,True
1281,1.0,1.0,True
2748,0.0,1.0,False
2511,1.0,1.0,True
3332,1.0,1.0,True
3268,1.0,1.0,True
978,1.0,1.0,True
909,0.0,1.0,False
423,1.0,0.0,False
2783,1.0,1.0,True
1882,1.0,0.0,False
2329,1.0,0.0,False
2137,0.0,0.0,True
549,0.0,1.0,False
3015,0.0,0.0,True
2883,1.0,1.0,True
2066,0.0,1.0,False
1349,0.0,1.0,False
1291,1.0,1.0,True
2720,0.0,1.0,False
3220,1.0,1.0,True
3249,1.0,1.0,True
333,0.0,1.0,False
994,1.0,0.0,False
3004,1.0,1.0,True
3754,1.0,1.0,True
121,1.0,1.0,True
1986,1.0,1.0,True
28,1.0,0.0,False
3749,0.0,1.0,False
2522,0.0,0.0,True
1507,0.0,1.0,False
1076,0.0,1.0,False
3073,0.0,1.0,False
415,1.0,0.0,False
1476,1.0,1.0,True
1172,1.0,0.0,False
241,0.0,1.0,False
2869,1.0,1.0,True
1772,1.0,0.0,False
2800,1.0,1.0,True
3156,1.0,0.0,False
1474,0.0,1.0,False
3698,1.0,1.0,True
673,0.0,1.0,False
3122,1.0,1.0,True
733,0.0,1.0,False
2424,1.0,0.0,False
264,1.0,1.0,True
2112,1.0,1.0,True
2069,0.0,0.0,True
1001,1.0,0.0,False
2224,0.0,0.0,True
43,1.0,0.0,False
2245,1.0,0.0,False
1525,1.0,0.0,False
1338,1.0,0.0,False
1784,1.0,1.0,True
2253,1.0,0.0,False
1235,0.0,0.0,True
2692,0.0,0.0,True
2749,1.0,1.0,True
357,1.0,0.0,False
2936,1.0,1.0,True
3293,0.0,1.0,False
2415,0.0,1.0,False
1577,1.0,1.0,True
637,1.0,0.0,False
1929,1.0,1.0,True
1589,1.0,1.0,True
1278,0.0,1.0,False
1334,0.0,1.0,False
151,0.0,1.0,False
899,0.0,1.0,False
3225,1.0,1.0,True
2013,1.0,1.0,True
3506,1.0,1.0,True
2556,1.0,1.0,True
842,1.0,1.0,True
2165,1.0,0.0,False
843,0.0,1.0,False
937,1.0,1.0,True
2115,1.0,1.0,True
1181,1.0,1.0,True
1647,0.0,0.0,True
307,1.0,1.0,True
1527,1.0,1.0,True
2782,1.0,1.0,True
3317,1.0,1.0,True
3232,1.0,0.0,False
955,0.0,1.0,False
3502,1.0,1.0,True
1675,0.0,1.0,False
78,0.0,1.0,False
811,1.0,1.0,True
346,1.0,1.0,True
2738,0.0,0.0,True
2273,0.0,1.0,False
26,1.0,0.0,False
2264,0.0,1.0,False
300,0.0,1.0,False
3599,0.0,1.0,False
2594,0.0,1.0,False
2580,0.0,0.0,True
1028,0.0,1.0,False
3469,1.0,1.0,True
942,1.0,1.0,True
1852,0.0,1.0,False
1163,0.0,1.0,False
2136,1.0,1.0,True
419,0.0,0.0,True
2645,1.0,0.0,False
1450,0.0,0.0,True
66,1.0,0.0,False
946,1.0,0.0,False
155,0.0,1.0,False
1858,0.0,1.0,False
1874,1.0,1.0,True
2306,1.0,1.0,True
1865,1.0,1.0,True
3170,0.0,1.0,False
334,0.0,1.0,False
1382,0.0,1.0,False
1767,0.0,1.0,False
3397,1.0,1.0,True
2149,1.0,1.0,True
1836,1.0,1.0,True
3538,1.0,1.0,True
711,1.0,0.0,False
794,0.0,1.0,False
2145,0.0,1.0,False
3006,1.0,0.0,False
235,1.0,0.0,False
2445,1.0,1.0,True
2828,1.0,1.0,True
2333,1.0,1.0,True
2226,0.0,1.0,False
1423,0.0,1.0,False
1054,1.0,1.0,True
641,0.0,0.0,True
1826,1.0,0.0,False
2905,1.0,1.0,True
3775,1.0,1.0,True
2981,0.0,1.0,False
3347,1.0,1.0,True
2403,0.0,0.0,True
1787,1.0,1.0,True
3207,1.0,0.0,False
2183,0.0,1.0,False
1753,1.0,1.0,True
90,1.0,1.0,True
1460,1.0,0.0,False
1847,0.0,1.0,False
2308,1.0,0.0,False
2434,0.0,1.0,False
70,1.0,0.0,False
2958,1.0,1.0,True
3281,1.0,1.0,True
2046,1.0,1.0,True
2144,0.0,1.0,False
1612,0.0,0.0,True
3421,0.0,1.0,False
1500,1.0,1.0,True
1005,1.0,1.0,True
3711,0.0,1.0,False
1180,0.0,1.0,False
2837,0.0,1.0,False
145,1.0,0.0,False
1027,0.0,0.0,True
2564,1.0,0.0,False
518,0.0,1.0,False
2742,0.0,1.0,False
3193,0.0,1.0,False
3342,1.0,0.0,False
47,1.0,1.0,True
2375,0.0,0.0,True
1810,1.0,0.0,False
266,0.0,1.0,False
412,1.0,1.0,True
936,1.0,0.0,False
3455,1.0,0.0,False
1723,0.0,1.0,False
1411,0.0,1.0,False
187,0.0,1.0,False
2836,1.0,0.0,False
3319,1.0,0.0,False
3547,1.0,0.0,False
1878,0.0,0.0,True
2611,0.0,1.0,False
1548,0.0,0.0,True
1614,0.0,1.0,False
2080,1.0,1.0,True
3181,0.0,0.0,True
2481,1.0,1.0,True
420,0.0,1.0,False
2150,1.0,1.0,True
3140,1.0,1.0,True
3038,1.0,1.0,True
590,0.0,1.0,False
365,1.0,0.0,False
2567,1.0,0.0,False
2794,1.0,1.0,True
2619,0.0,1.0,False
1453,1.0,0.0,False
1683,1.0,1.0,True
2771,1.0,0.0,False
2576,0.0,1.0,False
1499,1.0,1.0,True
3162,0.0,1.0,False
3412,1.0,0.0,False
2774,1.0,0.0,False
3349,1.0,0.0,False
3451,1.0,1.0,True
1572,1.0,0.0,False
1568,0.0,1.0,False
2490,1.0,0.0,False
193,1.0,1.0,True
2550,1.0,0.0,False
3217,0.0,1.0,False
1969,1.0,0.0,False
904,0.0,1.0,False
339,0.0,1.0,False
1979,1.0,1.0,True
1404,0.0,0.0,True
1857,1.0,0.0,False
3325,1.0,1.0,True
1052,0.0,1.0,False
2382,0.0,1.0,False
1266,1.0,1.0,True
2006,0.0,0.0,True
840,1.0,1.0,True
9,1.0,0.0,False
377,1.0,1.0,True
759,0.0,0.0,True
3286,0.0,1.0,False
1561,0.0,1.0,False
3137,0.0,0.0,True
1790,0.0,1.0,False
160,0.0,1.0,False
3447,1.0,1.0,True
987,0.0,0.0,True
41,1.0,0.0,False
1887,0.0,1.0,False
376,0.0,0.0,True
2371,1.0,1.0,True
243,0.0,1.0,False
737,1.0,1.0,True
3086,1.0,1.0,True
2741,1.0,1.0,True
3424,1.0,1.0,True
3654,0.0,0.0,True
2441,1.0,0.0,False
1482,1.0,0.0,False
1691,1.0,1.0,True
3014,1.0,1.0,True
3416,1.0,0.0,False
1265,1.0,1.0,True
1708,1.0,1.0,True
1517,1.0,1.0,True
3116,1.0,1.0,True
2727,1.0,1.0,True
2391,0.0,1.0,False
3312,1.0,1.0,True
3245,0.0,1.0,False
2483,1.0,0.0,False
2314,1.0,1.0,True
1038,0.0,1.0,False
603,1.0,1.0,True
3197,0.0,1.0,False
2850,0.0,1.0,False
1813,1.0,1.0,True
2733,1.0,1.0,True
2711,1.0,1.0,True
3544,0.0,0.0,True
2813,1.0,0.0,False
2514,0.0,1.0,False
2801,1.0,1.0,True
2379,1.0,1.0,True
3295,0.0,1.0,False
772,1.0,1.0,True
251,1.0,1.0,True
1380,0.0,1.0,False
3507,1.0,1.0,True
2904,1.0,1.0,True
1910,1.0,1.0,True
1018,1.0,1.0,True
764,0.0,0.0,True
1843,0.0,1.0,False
3411,1.0,0.0,False
2239,0.0,0.0,True
2033,1.0,0.0,False
1166,1.0,0.0,False
1547,0.0,0.0,True
3146,1.0,0.0,False
2812,1.0,0.0,False
1234,0.0,1.0,False
2478,1.0,1.0,True
2299,1.0,0.0,False
1448,1.0,0.0,False
980,1.0,1.0,True
3616,1.0,1.0,True
1218,1.0,0.0,False
2439,1.0,1.0,True
517,1.0,1.0,True
479,1.0,1.0,True
2075,1.0,1.0,True
2755,0.0,0.0,True
1113,1.0,1.0,True
3617,1.0,1.0,True
643,1.0,1.0,True
1837,1.0,1.0,True
214,0.0,1.0,False
2417,1.0,1.0,True
2470,1.0,0.0,False
385,0.0,0.0,True
3366,1.0,0.0,False
3417,1.0,1.0,True
1580,1.0,1.0,True
3195,1.0,1.0,True
3496,0.0,1.0,False
752,0.0,0.0,True
1420,1.0,1.0,True
984,1.0,1.0,True
327,0.0,1.0,False
3172,1.0,0.0,False
547,0.0,1.0,False
2429,1.0,0.0,False
1184,1.0,0.0,False
439,1.0,0.0,False
878,1.0,0.0,False
2492,0.0,1.0,False
1202,1.0,0.0,False
3618,1.0,0.0,False
3115,0.0,1.0,False
1140,1.0,0.0,False
2495,1.0,1.0,True
2780,1.0,0.0,False
823,1.0,0.0,False
2661,1.0,0.0,False
3154,0.0,0.0,True
3363,1.0,0.0,False
3653,0.0,1.0,False
3789,1.0,0.0,False
948,1.0,0.0,False
2964,0.0,1.0,False
1543,0.0,0.0,True
511,1.0,1.0,True
3176,1.0,0.0,False
867,1.0,0.0,False
1055,1.0,1.0,True
3468,1.0,1.0,True
1220,0.0,1.0,False
3309,1.0,1.0,True
2179,0.0,1.0,False
292,0.0,0.0,True
2566,1.0,1.0,True
2364,1.0,0.0,False
2788,0.0,1.0,False
1231,1.0,1.0,True
2361,0.0,1.0,False
2079,1.0,1.0,True
3007,0.0,1.0,False
437,1.0,1.0,True
3504,1.0,1.0,True
855,0.0,0.0,True
1947,0.0,0.0,True
2671,0.0,0.0,True
1107,1.0,0.0,False
3189,0.0,1.0,False
2251,1.0,1.0,True
964,0.0,0.0,True
64,1.0,1.0,True
331,0.0,1.0,False
253,1.0,0.0,False
761,1.0,1.0,True
687,1.0,0.0,False
1078,1.0,0.0,False
2368,0.0,1.0,False
1698,1.0,1.0,True
436,0.0,1.0,False
2630,1.0,0.0,False
1430,1.0,0.0,False
2138,1.0,1.0,True
2767,1.0,1.0,True
3486,1.0,0.0,False
2243,0.0,1.0,False
86,1.0,0.0,False
2872,0.0,1.0,False
3559,1.0,0.0,False
930,1.0,0.0,False
3360,1.0,1.0,True
499,0.0,1.0,False
1550,1.0,1.0,True
221,0.0,0.0,True
2862,0.0,1.0,False
3569,1.0,1.0,True
707,1.0,1.0,True
3227,1.0,1.0,True
2517,1.0,0.0,False
2542,1.0,0.0,False
1622,0.0,1.0,False
2446,1.0,0.0,False
1130,0.0,0.0,True
1832,1.0,1.0,True
3446,1.0,1.0,True
2927,0.0,0.0,True
3316,1.0,1.0,True
3052,1.0,0.0,False
477,1.0,0.0,False
1999,0.0,0.0,True
382,1.0,1.0,True
3433,0.0,0.0,True
208,1.0,1.0,True
1013,1.0,1.0,True
678,0.0,0.0,True
2898,1.0,1.0,True
2454,1.0,0.0,False
1032,0.0,1.0,False
2177,1.0,1.0,True
3516,0.0,1.0,False
3642,0.0,1.0,False
1809,0.0,1.0,False
3012,0.0,0.0,True
3595,1.0,0.0,False
3200,1.0,1.0,True
814,0.0,1.0,False
2802,0.0,0.0,True
3761,1.0,0.0,False
2217,0.0,0.0,True
1074,0.0,1.0,False
2762,0.0,1.0,False
3637,1.0,1.0,True
3499,1.0,1.0,True
1264,1.0,0.0,False
1728,1.0,1.0,True
864,1.0,1.0,True
2887,1.0,0.0,False
953,0.0,1.0,False
1819,0.0,1.0,False
913,1.0,1.0,True
203,1.0,1.0,True
1662,0.0,1.0,False
1978,1.0,1.0,True
3161,0.0,1.0,False
3623,0.0,1.0,False
1711,1.0,1.0,True
491,1.0,0.0,False
1932,1.0,1.0,True
1287,0.0,0.0,True
279,0.0,1.0,False
3512,1.0,1.0,True
429,0.0,0.0,True
666,0.0,1.0,False
3048,1.0,0.0,False
1597,1.0,0.0,False
834,1.0,1.0,True
3194,0.0,0.0,True
60,0.0,1.0,False
1440,1.0,1.0,True
719,1.0,1.0,True
2892,0.0,1.0,False
3291,1.0,1.0,True
710,1.0,1.0,True
1463,1.0,0.0,False
2796,1.0,0.0,False
1923,1.0,1.0,True
1060,0.0,0.0,True
962,1.0,0.0,False
344,0.0,0.0,True
372,0.0,1.0,False
44,0.0,0.0,True
2113,1.0,0.0,False
1963,1.0,0.0,False
1385,1.0,1.0,True
2453,0.0,1.0,False
1413,1.0,1.0,True
651,0.0,1.0,False
1228,0.0,0.0,True
1816,0.0,1.0,False
3783,1.0,0.0,False
1640,0.0,1.0,False
2717,0.0,0.0,True
2672,0.0,1.0,False
851,1.0,1.0,True
2976,1.0,0.0,False
1881,0.0,1.0,False
1294,1.0,1.0,True
1208,1.0,0.0,False
309,1.0,1.0,True
2856,1.0,0.0,False
515,0.0,0.0,True
1566,1.0,1.0,True
882,1.0,1.0,True
2660,1.0,1.0,True
3545,1.0,0.0,False
158,0.0,1.0,False
1536,0.0,0.0,True
2728,0.0,1.0,False
1250,1.0,1.0,True
2826,1.0,1.0,True
2092,1.0,1.0,True
3340,1.0,1.0,True
1247,0.0,1.0,False
3238,1.0,0.0,False
633,1.0,1.0,True
2541,0.0,1.0,False
959,0.0,0.0,True
129,1.0,1.0,True
3611,0.0,1.0,False
2747,1.0,0.0,False
2858,1.0,1.0,True
225,0.0,0.0,True
36,1.0,1.0,True
416,1.0,0.0,False
2811,1.0,1.0,True
2283,0.0,0.0,True
2340,1.0,1.0,True
323,1.0,1.0,True
1131,1.0,1.0,True
262,0.0,1.0,False
2200,1.0,1.0,True
976,0.0,1.0,False
2907,0.0,0.0,True
1749,0.0,0.0,True
2205,1.0,1.0,True
1471,1.0,1.0,True
960,0.0,1.0,False
1418,1.0,0.0,False
2893,1.0,1.0,True
2482,1.0,0.0,False
608,1.0,1.0,True
3160,0.0,1.0,False
332,0.0,1.0,False
2530,0.0,0.0,True
3453,0.0,0.0,True
3300,1.0,1.0,True
347,1.0,1.0,True
945,1.0,0.0,False
932,1.0,1.0,True
1748,1.0,0.0,False
3128,0.0,1.0,False
3510,1.0,1.0,True
1073,1.0,1.0,True
240,0.0,0.0,True
3203,1.0,1.0,True
564,1.0,0.0,False
381,1.0,1.0,True
3515,1.0,1.0,True
2296,0.0,1.0,False
1350,1.0,1.0,True
981,0.0,1.0,False
1006,1.0,0.0,False
617,0.0,1.0,False
2325,0.0,0.0,True
1666,1.0,1.0,True
3493,0.0,0.0,True
2729,0.0,1.0,False
2922,1.0,1.0,True
1269,1.0,0.0,False
137,1.0,1.0,True
1532,1.0,0.0,False
3729,1.0,0.0,False
1061,0.0,1.0,False
1933,1.0,1.0,True
3262,0.0,1.0,False
1552,0.0,1.0,False
3735,1.0,1.0,True
2689,0.0,0.0,True
2412,1.0,1.0,True
586,0.0,1.0,False
1643,1.0,0.0,False
997,1.0,0.0,False
233,1.0,1.0,True
1263,1.0,1.0,True
3077,0.0,1.0,False
3756,1.0,1.0,True
3763,0.0,1.0,False
1896,0.0,1.0,False
2815,1.0,1.0,True
2227,0.0,1.0,False
1872,1.0,1.0,True
171,1.0,1.0,True
829,1.0,0.0,False
1835,1.0,1.0,True
1110,1.0,0.0,False
200,1.0,1.0,True
1663,0.0,1.0,False
3738,1.0,1.0,True
1740,1.0,1.0,True
3553,1.0,1.0,True
1213,1.0,1.0,True
806,0.0,1.0,False
1102,1.0,0.0,False
3739,0.0,1.0,False
123,0.0,0.0,True
3581,1.0,1.0,True
1665,1.0,1.0,True
770,0.0,1.0,False
2118,0.0,1.0,False
3240,1.0,0.0,False
1768,1.0,1.0,True
468,0.0,1.0,False
3290,1.0,0.0,False
1730,1.0,1.0,True
2330,1.0,0.0,False
3003,1.0,0.0,False
2051,0.0,1.0,False
2016,0.0,0.0,True
578,1.0,1.0,True
1638,0.0,0.0,True
3782,1.0,1.0,True
1244,0.0,0.0,True
1079,1.0,1.0,True
2129,0.0,0.0,True
3607,1.0,1.0,True
2060,0.0,1.0,False
1734,0.0,1.0,False
3263,1.0,1.0,True
2607,0.0,0.0,True
2240,1.0,1.0,True
2803,1.0,0.0,False
691,0.0,0.0,True
1700,1.0,0.0,False
3095,1.0,1.0,True
2847,1.0,0.0,False
3715,0.0,1.0,False
513,0.0,1.0,False
3462,1.0,1.0,True
3619,1.0,1.0,True
766,0.0,0.0,True
199,1.0,1.0,True
2999,1.0,1.0,True
1737,0.0,0.0,True
2923,0.0,0.0,True
580,1.0,1.0,True
2213,0.0,1.0,False
3604,0.0,1.0,False
167,0.0,0.0,True
2148,0.0,1.0,False
2400,0.0,1.0,False
3334,0.0,0.0,True
3169,0.0,0.0,True
2076,1.0,0.0,False
450,1.0,1.0,True
397,1.0,0.0,False
2196,1.0,1.0,True
2524,0.0,0.0,True
672,1.0,1.0,True
494,0.0,0.0,True
2698,1.0,1.0,True
3088,0.0,1.0,False
271,1.0,1.0,True
802,1.0,1.0,True
2725,0.0,1.0,False
1796,1.0,0.0,False
2953,0.0,1.0,False
3147,1.0,1.0,True
2726,0.0,0.0,True
0,0.0,1.0,False
3214,1.0,0.0,False
653,0.0,0.0,True
3148,0.0,1.0,False
791,0.0,1.0,False
1866,1.0,1.0,True
887,1.0,1.0,True
646,1.0,0.0,False
658,1.0,1.0,True
1319,1.0,1.0,True
1428,0.0,1.0,False
3380,1.0,1.0,True
1049,1.0,0.0,False
765,0.0,1.0,False
1435,1.0,1.0,True
3716,1.0,0.0,False
501,1.0,1.0,True
2703,1.0,1.0,True
1664,1.0,1.0,True
3656,0.0,1.0,False
3092,1.0,0.0,False
3601,0.0,0.0,True
2684,1.0,1.0,True
1996,1.0,0.0,False
85,0.0,0.0,True
2372,1.0,1.0,True
862,1.0,0.0,False
215,0.0,0.0,True
2994,1.0,0.0,False
3663,1.0,1.0,True
883,1.0,1.0,True
2925,0.0,0.0,True
1884,1.0,1.0,True
3279,1.0,1.0,True
1529,1.0,0.0,False
1553,1.0,1.0,True
3070,1.0,1.0,True
1558,0.0,0.0,True
1175,0.0,1.0,False
3494,1.0,0.0,False
2695,0.0,1.0,False
3696,1.0,1.0,True
1685,1.0,0.0,False
2381,1.0,1.0,True
781,1.0,1.0,True
156,1.0,0.0,False
3403,1.0,1.0,True
683,1.0,1.0,True
287,0.0,1.0,False
537,1.0,0.0,False
1224,1.0,1.0,True
628,1.0,1.0,True
149,0.0,0.0,True
1310,1.0,1.0,True
847,1.0,0.0,False
2799,0.0,0.0,True
1003,0.0,1.0,False
353,1.0,1.0,True
2608,1.0,0.0,False
1117,1.0,1.0,True
2848,0.0,1.0,False
1182,0.0,1.0,False
2602,1.0,1.0,True
1488,1.0,0.0,False
3550,0.0,1.0,False
716,0.0,0.0,True
2162,0.0,1.0,False
1059,1.0,0.0,False
3274,1.0,1.0,True
1735,1.0,1.0,True
907,0.0,1.0,False
3049,1.0,1.0,True
274,0.0,0.0,True
100,0.0,1.0,False
1461,1.0,1.0,True
879,0.0,1.0,False
795,0.0,1.0,False
2202,1.0,1.0,True
1806,0.0,1.0,False
3677,1.0,1.0,True
3598,0.0,1.0,False
3323,1.0,0.0,False
1346,1.0,1.0,True
688,0.0,1.0,False
3491,1.0,1.0,True
1625,1.0,0.0,False
1475,1.0,1.0,True
3570,1.0,1.0,True
2638,0.0,1.0,False
933,1.0,1.0,True
3409,1.0,0.0,False
2077,0.0,0.0,True
3013,1.0,1.0,True
433,1.0,1.0,True
3662,1.0,0.0,False
2891,0.0,1.0,False
2988,1.0,0.0,False
312,0.0,0.0,True
1814,0.0,0.0,True
782,0.0,0.0,True
434,1.0,0.0,False
2939,1.0,1.0,True
1371,0.0,1.0,False
2135,1.0,1.0,True
1025,0.0,0.0,True
402,0.0,0.0,True
1267,1.0,1.0,True
1256,1.0,1.0,True
237,1.0,0.0,False
454,1.0,0.0,False
1414,1.0,1.0,True
3384,1.0,0.0,False
2494,1.0,0.0,False
552,1.0,1.0,True
1024,0.0,0.0,True
3731,0.0,1.0,False
627,1.0,1.0,True
3585,0.0,1.0,False
3107,0.0,1.0,False
2120,1.0,0.0,False
2402,1.0,1.0,True
2011,0.0,1.0,False
3554,1.0,1.0,True
1271,0.0,1.0,False
896,1.0,1.0,True
3028,1.0,1.0,True
3450,1.0,1.0,True
1178,0.0,1.0,False
1679,1.0,1.0,True
1603,1.0,1.0,True
3308,1.0,0.0,False
3522,0.0,1.0,False
3721,1.0,1.0,True
73,0.0,0.0,True
2142,0.0,0.0,True
1336,0.0,1.0,False
1021,1.0,1.0,True
1352,0.0,1.0,False
1594,1.0,0.0,False
2394,0.0,1.0,False
1209,1.0,1.0,True
2466,1.0,1.0,True
3252,1.0,1.0,True
1094,0.0,0.0,True
2007,0.0,1.0,False
1946,0.0,0.0,True
892,0.0,0.0,True
202,1.0,0.0,False
1661,1.0,0.0,False
663,0.0,0.0,True
1506,1.0,1.0,True
1705,1.0,1.0,True
2002,0.0,1.0,False
314,1.0,0.0,False
3495,1.0,1.0,True
1139,0.0,1.0,False
1119,0.0,0.0,True
914,0.0,0.0,True
3131,0.0,1.0,False
1812,0.0,1.0,False
3692,1.0,0.0,False
3050,1.0,1.0,True
2816,1.0,1.0,True
272,1.0,0.0,False
2479,1.0,1.0,True
2015,1.0,1.0,True
1000,1.0,1.0,True
348,0.0,1.0,False
1616,1.0,1.0,True
2677,1.0,1.0,True
138,0.0,0.0,True
32,0.0,0.0,True
2743,0.0,1.0,False
37,0.0,1.0,False
1971,0.0,0.0,True
252,1.0,1.0,True
3555,0.0,1.0,False
2322,0.0,0.0,True
629,1.0,1.0,True
3457,0.0,1.0,False
5,1.0,1.0,True
2215,1.0,1.0,True
2018,1.0,1.0,True
98,0.0,0.0,True
2520,0.0,1.0,False
3627,1.0,1.0,True
1611,1.0,1.0,True
3465,1.0,1.0,True
15,1.0,1.0,True
358,0.0,1.0,False
2656,1.0,0.0,False
2575,0.0,0.0,True
1257,0.0,1.0,False
2884,1.0,1.0,True
963,0.0,1.0,False
294,0.0,1.0,False
3673,0.0,1.0,False
1133,0.0,0.0,True
3407,0.0,0.0,True
803,0.0,0.0,True
3661,1.0,1.0,True
3191,1.0,1.0,True
2715,1.0,1.0,True
2074,1.0,1.0,True
2163,1.0,1.0,True
2128,0.0,0.0,True
1335,1.0,1.0,True
587,0.0,0.0,True
2468,1.0,1.0,True
815,1.0,1.0,True
533,1.0,0.0,False
1104,1.0,1.0,True
2865,0.0,1.0,False
1948,0.0,1.0,False
3338,0.0,1.0,False
2053,1.0,1.0,True
3536,1.0,1.0,True
2295,1.0,0.0,False
1886,1.0,0.0,False
2628,1.0,1.0,True
3229,0.0,1.0,False
3202,1.0,1.0,True
3153,1.0,1.0,True
944,1.0,0.0,False
442,1.0,0.0,False
2147,1.0,1.0,True
2845,0.0,0.0,True
1549,0.0,1.0,False
1669,0.0,1.0,False
1780,0.0,1.0,False
370,0.0,1.0,False
3753,0.0,1.0,False
1739,0.0,1.0,False
2100,0.0,0.0,True
157,0.0,1.0,False
3414,1.0,1.0,True
1718,0.0,0.0,True
1554,1.0,1.0,True
1149,1.0,0.0,False
2370,0.0,1.0,False
958,0.0,1.0,False
1709,0.0,1.0,False
2785,0.0,0.0,True
118,0.0,0.0,True
2312,0.0,1.0,False
996,1.0,1.0,True
1729,0.0,1.0,False
3708,1.0,1.0,True
269,1.0,0.0,False
2019,1.0,0.0,False
3785,1.0,1.0,True
2581,1.0,0.0,False
3665,1.0,1.0,True
1909,0.0,1.0,False
809,1.0,0.0,False
417,1.0,1.0,True
1189,1.0,1.0,True
261,0.0,1.0,False
2636,1.0,1.0,True
1950,1.0,1.0,True
1912,0.0,0.0,True
3224,1.0,1.0,True
298,1.0,0.0,False
2970,1.0,0.0,False
3246,1.0,1.0,True
510,0.0,0.0,True
1721,0.0,1.0,False
833,0.0,1.0,False
3669,1.0,0.0,False
1741,1.0,1.0,True
1384,0.0,1.0,False
3082,0.0,1.0,False
2917,0.0,1.0,False
1551,0.0,1.0,False
2347,1.0,1.0,True
2214,1.0,1.0,True
886,0.0,1.0,False
3588,0.0,0.0,True
395,0.0,1.0,False
95,0.0,0.0,True
2973,1.0,1.0,True
3391,1.0,1.0,True
3437,0.0,1.0,False
2054,1.0,0.0,False
3568,1.0,1.0,True
1785,1.0,0.0,False
407,1.0,0.0,False
2768,1.0,0.0,False
3705,1.0,0.0,False
1302,1.0,1.0,True
485,1.0,0.0,False
295,1.0,0.0,False
135,1.0,1.0,True
2659,1.0,0.0,False
3078,0.0,0.0,True
1410,1.0,1.0,True
2716,0.0,0.0,True
238,0.0,1.0,False
1559,1.0,0.0,False
1747,0.0,0.0,True
903,0.0,1.0,False
177,0.0,0.0,True
390,0.0,1.0,False
161,1.0,1.0,True
1109,1.0,1.0,True
581,0.0,1.0,False
210,0.0,1.0,False
2287,1.0,1.0,True
563,0.0,0.0,True
3392,0.0,1.0,False
3205,1.0,1.0,True
2805,1.0,1.0,True
1863,0.0,1.0,False
644,1.0,1.0,True
2937,1.0,0.0,False
1823,1.0,0.0,False
153,0.0,0.0,True
1523,0.0,1.0,False
1232,0.0,1.0,False
579,1.0,0.0,False
857,0.0,1.0,False
774,1.0,1.0,True
3485,1.0,1.0,True
3706,1.0,1.0,True
3213,0.0,1.0,False
1598,1.0,1.0,True
3551,1.0,1.0,True
2498,1.0,1.0,True
1540,0.0,1.0,False
3055,0.0,0.0,True
619,0.0,0.0,True
120,1.0,0.0,False
2126,0.0,0.0,True
2822,1.0,1.0,True
1919,0.0,0.0,True
1085,0.0,1.0,False
3531,1.0,0.0,False
1331,0.0,1.0,False
767,1.0,1.0,True
2949,0.0,0.0,True
389,0.0,1.0,False
398,1.0,1.0,True
308,0.0,1.0,False
1072,1.0,1.0,True
2211,1.0,0.0,False
1089,0.0,0.0,True
2207,1.0,1.0,True
92,0.0,0.0,True
3675,1.0,0.0,False
2103,1.0,0.0,False
3084,0.0,1.0,False
2814,1.0,0.0,False
223,1.0,1.0,True
2696,1.0,1.0,True
1306,1.0,1.0,True
2804,1.0,0.0,False
2560,1.0,1.0,True
3326,1.0,1.0,True
3511,0.0,0.0,True
3704,1.0,0.0,False
1864,1.0,1.0,True
3060,0.0,0.0,True
1817,0.0,1.0,False
1799,0.0,1.0,False
2835,0.0,0.0,True
626,1.0,1.0,True
3201,1.0,0.0,False
1296,1.0,1.0,True
768,1.0,1.0,True
1075,1.0,0.0,False
3065,1.0,0.0,False
1684,0.0,1.0,False
2899,1.0,1.0,True
917,0.0,1.0,False
2574,1.0,1.0,True
1660,1.0,1.0,True
418,0.0,0.0,True
1763,0.0,1.0,False
2304,0.0,1.0,False
995,1.0,1.0,True
127,0.0,1.0,False
359,1.0,1.0,True
758,0.0,0.0,True
1303,0.0,1.0,False
3501,0.0,1.0,False
1320,0.0,1.0,False
3597,0.0,1.0,False
1960,1.0,0.0,False
916,1.0,1.0,True
3040,1.0,1.0,True
488,0.0,0.0,True
2928,1.0,1.0,True
2266,0.0,1.0,False
410,1.0,1.0,True
2605,1.0,1.0,True
2758,1.0,0.0,False
3475,0.0,1.0,False
2537,1.0,1.0,True
1317,1.0,0.0,False
988,1.0,0.0,False
6,1.0,1.0,True
2484,1.0,1.0,True
1292,0.0,1.0,False
1791,1.0,1.0,True
2307,1.0,1.0,True
2844,1.0,0.0,False
3503,1.0,1.0,True
783,1.0,0.0,False
1161,1.0,0.0,False
1324,0.0,0.0,True
849,1.0,1.0,True
559,1.0,1.0,True
3592,1.0,1.0,True
7,0.0,1.0,False
2998,0.0,0.0,True
2763,0.0,1.0,False
2992,1.0,0.0,False
1940,1.0,1.0,True
3664,1.0,0.0,False
297,1.0,1.0,True
3792,1.0,1.0,True
3740,0.0,0.0,True
1498,1.0,0.0,False
2121,0.0,0.0,True
72,1.0,1.0,True
1879,0.0,1.0,False
1415,0.0,1.0,False
667,1.0,1.0,True
2300,0.0,1.0,False
213,0.0,1.0,False
1671,0.0,1.0,False
3790,1.0,1.0,True
2427,1.0,1.0,True
2413,0.0,1.0,False
2411,1.0,1.0,True
3682,0.0,0.0,True
3151,1.0,1.0,True
3474,1.0,0.0,False
71,1.0,0.0,False
727,1.0,0.0,False
898,0.0,1.0,False
2258,1.0,1.0,True
2285,1.0,0.0,False
983,1.0,1.0,True
63,1.0,0.0,False
3489,0.0,1.0,False
1095,0.0,0.0,True
2160,1.0,1.0,True
2458,1.0,1.0,True
446,1.0,0.0,False
3124,1.0,1.0,True
349,1.0,0.0,False
2324,0.0,1.0,False
2593,0.0,0.0,True
3020,1.0,0.0,False
1458,0.0,1.0,False
2700,0.0,1.0,False
1859,1.0,1.0,True
2037,1.0,0.0,False
1097,1.0,1.0,True
182,0.0,1.0,False
360,0.0,1.0,False
1844,1.0,1.0,True
1895,1.0,0.0,False
990,1.0,0.0,False
2502,0.0,1.0,False
548,1.0,1.0,True
3573,1.0,0.0,False
3144,1.0,0.0,False
3734,0.0,1.0,False
107,1.0,1.0,True
457,0.0,0.0,True
734,1.0,1.0,True
2646,1.0,1.0,True
632,1.0,1.0,True
3260,1.0,0.0,False
2587,1.0,1.0,True
2545,1.0,1.0,True
2269,1.0,1.0,True
69,1.0,0.0,False
3385,1.0,1.0,True
2712,1.0,1.0,True
2557,1.0,1.0,True
2436,1.0,0.0,False
1798,0.0,1.0,False
284,0.0,1.0,False
1392,0.0,0.0,True
695,1.0,1.0,True
706,0.0,0.0,True
2168,1.0,0.0,False
1160,1.0,1.0,True
2948,0.0,0.0,True
876,1.0,0.0,False
1069,0.0,0.0,True
512,1.0,1.0,True
888,0.0,0.0,True
2655,0.0,1.0,False
3743,1.0,1.0,True
2914,1.0,1.0,True
1012,0.0,1.0,False
290,1.0,1.0,True
1422,1.0,1.0,True
926,1.0,1.0,True
597,1.0,1.0,True
1702,1.0,1.0,True
3572,0.0,1.0,False
1693,0.0,1.0,False
584,0.0,0.0,True
3294,0.0,0.0,True
1301,1.0,1.0,True
1437,0.0,1.0,False
554,1.0,0.0,False
1212,1.0,0.0,False
1,0.0,1.0,False
2618,1.0,1.0,True
832,1.0,0.0,False
1975,0.0,0.0,True
3021,1.0,1.0,True
1333,1.0,0.0,False
1147,0.0,1.0,False
3587,1.0,0.0,False
805,1.0,0.0,False
2786,0.0,1.0,False
3579,1.0,0.0,False
231,0.0,0.0,True
2516,1.0,1.0,True
1965,0.0,1.0,False
3420,1.0,1.0,True
1533,1.0,0.0,False
458,1.0,1.0,True
2809,1.0,0.0,False
1159,1.0,1.0,True
3603,1.0,0.0,False
1655,0.0,1.0,False
3561,1.0,0.0,False
1242,1.0,1.0,True
670,1.0,0.0,False
2154,1.0,0.0,False
504,0.0,1.0,False
736,1.0,1.0,True
3305,1.0,1.0,True
254,0.0,1.0,False
366,1.0,1.0,True
724,1.0,1.0,True
2259,1.0,1.0,True
778,1.0,1.0,True
3287,0.0,0.0,True
2641,0.0,0.0,True
2195,0.0,1.0,False
1364,1.0,1.0,True
2510,1.0,1.0,True
3346,0.0,0.0,True
689,1.0,1.0,True
3458,0.0,1.0,False
3625,1.0,0.0,False
2246,1.0,0.0,False
99,0.0,1.0,False
2109,1.0,1.0,True
3370,1.0,1.0,True
796,1.0,1.0,True
2036,1.0,1.0,True
1462,1.0,0.0,False
714,1.0,1.0,True
1332,1.0,1.0,True
3019,1.0,1.0,True
2531,1.0,1.0,True
3758,1.0,1.0,True
2271,0.0,1.0,False
130,0.0,1.0,False
2336,1.0,1.0,True
3121,0.0,1.0,False
2781,0.0,1.0,False
352,0.0,1.0,False
1582,1.0,1.0,True
1957,1.0,1.0,True
3476,1.0,1.0,True
690,1.0,1.0,True
2851,1.0,0.0,False
2909,1.0,1.0,True
525,1.0,1.0,True
2635,0.0,0.0,True
2409,1.0,0.0,False
787,0.0,0.0,True
3209,1.0,1.0,True
893,1.0,0.0,False
3459,1.0,1.0,True
3521,1.0,1.0,True
3633,1.0,0.0,False
122,1.0,1.0,True
1714,0.0,1.0,False
1275,0.0,1.0,False
286,0.0,1.0,False
2979,0.0,1.0,False
2199,1.0,1.0,True
38,1.0,0.0,False
3726,1.0,1.0,True
1031,0.0,0.0,True
2911,1.0,1.0,True
2223,0.0,0.0,True
1179,0.0,1.0,False
571,1.0,1.0,True
3310,1.0,0.0,False
739,1.0,1.0,True
1764,0.0,0.0,True
602,0.0,1.0,False
1315,0.0,0.0,True
1129,1.0,1.0,True
2757,1.0,1.0,True
595,0.0,1.0,False
1268,1.0,1.0,True
340,0.0,1.0,False
539,1.0,1.0,True
1191,0.0,1.0,False
3272,1.0,1.0,True
2421,1.0,0.0,False
216,1.0,1.0,True
473,0.0,1.0,False
470,0.0,1.0,False
3093,1.0,1.0,True
3762,0.0,0.0,True
1099,0.0,0.0,True
3770,1.0,1.0,True
858,1.0,1.0,True
702,0.0,0.0,True
22,0.0,0.0,True
961,1.0,1.0,True
2793,1.0,0.0,False
2906,1.0,1.0,True
189,1.0,1.0,True
328,0.0,1.0,False
141,1.0,1.0,True
822,1.0,1.0,True
2401,0.0,0.0,True
1112,1.0,1.0,True
1959,0.0,0.0,True
3369,0.0,1.0,False
1751,1.0,1.0,True
2153,1.0,1.0,True
1136,0.0,1.0,False
2643,1.0,0.0,False
1860,1.0,1.0,True
2987,1.0,1.0,True
1722,0.0,1.0,False
949,1.0,1.0,True
748,1.0,0.0,False
1760,0.0,1.0,False
825,0.0,1.0,False
2601,0.0,0.0,True
557,0.0,1.0,False
351,1.0,0.0,False
2095,0.0,0.0,True
1121,1.0,0.0,False
57,1.0,1.0,True
2625,0.0,0.0,True
1051,0.0,1.0,False
660,1.0,1.0,True
2882,1.0,0.0,False
1029,1.0,0.0,False
2344,1.0,1.0,True
3395,0.0,1.0,False
2745,1.0,0.0,False
1530,1.0,0.0,False
2961,0.0,0.0,True
2395,1.0,1.0,True
1111,1.0,1.0,True
1888,0.0,0.0,True
2525,0.0,0.0,True
3660,0.0,1.0,False
1795,0.0,1.0,False
1719,0.0,1.0,False
2332,1.0,1.0,True
536,0.0,1.0,False
2156,1.0,0.0,False
11,1.0,1.0,True
2467,0.0,0.0,True
2871,1.0,0.0,False
1468,1.0,1.0,True
561,1.0,1.0,True
975,1.0,0.0,False
588,0.0,0.0,True
3387,1.0,1.0,True
1585,1.0,1.0,True
3337,1.0,0.0,False
2101,1.0,1.0,True
132,0.0,1.0,False
2392,0.0,1.0,False
2699,1.0,0.0,False
600,0.0,0.0,True
3045,1.0,1.0,True
3039,1.0,1.0,True
3479,1.0,1.0,True
2085,0.0,0.0,True
3683,0.0,0.0,True
1288,0.0,1.0,False
2185,1.0,1.0,True
2675,0.0,0.0,True
1470,0.0,1.0,False
2268,0.0,1.0,False
1304,0.0,1.0,False
854,1.0,0.0,False
1682,1.0,0.0,False
1801,0.0,1.0,False
2255,0.0,1.0,False
1445,0.0,0.0,True
649,0.0,0.0,True
343,0.0,1.0,False
3219,1.0,0.0,False
3689,0.0,1.0,False
166,1.0,0.0,False
3700,0.0,1.0,False
2553,1.0,1.0,True
973,1.0,1.0,True
3685,1.0,1.0,True
785,1.0,1.0,True
1197,1.0,1.0,True
1766,1.0,1.0,True
3527,1.0,0.0,False
2912,1.0,1.0,True
3558,1.0,0.0,False
2116,1.0,1.0,True
1783,0.0,0.0,True
3017,0.0,1.0,False
2005,0.0,0.0,True
2769,0.0,1.0,False
1997,0.0,1.0,False
310,1.0,1.0,True
2657,0.0,0.0,True
2008,0.0,1.0,False
1695,1.0,0.0,False
2821,0.0,1.0,False
1229,0.0,0.0,True
2963,0.0,0.0,True
471,0.0,1.0,False
1409,1.0,1.0,True
3498,1.0,1.0,True
2459,1.0,1.0,True
2760,1.0,0.0,False
2360,0.0,1.0,False
2590,0.0,1.0,False
2597,1.0,0.0,False
3212,1.0,0.0,False
3777,1.0,0.0,False
3746,1.0,1.0,True
1185,1.0,1.0,True
20,0.0,1.0,False
12,0.0,1.0,False
2338,0.0,1.0,False
2744,1.0,0.0,False
2317,0.0,1.0,False
2670,1.0,0.0,False
3628,1.0,1.0,True
1057,1.0,1.0,True
2222,0.0,0.0,True
1972,0.0,1.0,False
97,0.0,0.0,True
1677,0.0,0.0,True
1044,0.0,1.0,False
1035,1.0,0.0,False
2114,0.0,0.0,True
2706,1.0,0.0,False
1485,0.0,1.0,False
2632,1.0,0.0,False
3645,0.0,1.0,False
315,0.0,1.0,False
3000,0.0,1.0,False
3159,0.0,1.0,False
3390,0.0,1.0,False
1867,1.0,1.0,True
2088,1.0,1.0,True
1744,0.0,1.0,False
1020,1.0,1.0,True
503,0.0,1.0,False
3742,1.0,1.0,True
1155,1.0,0.0,False
2648,1.0,1.0,True
2010,0.0,0.0,True
2834,1.0,0.0,False
59,1.0,0.0,False
1913,1.0,1.0,True
1243,1.0,0.0,False
125,1.0,1.0,True
1824,1.0,1.0,True
3043,1.0,1.0,True
665,0.0,1.0,False
3530,0.0,0.0,True
403,1.0,0.0,False
2323,1.0,1.0,True
1433,1.0,1.0,True
3773,1.0,0.0,False
2047,1.0,1.0,True
574,0.0,1.0,False
94,0.0,1.0,False
891,0.0,0.0,True
2321,1.0,0.0,False
3280,1.0,1.0,True
750,0.0,1.0,False
3351,1.0,1.0,True
1120,1.0,1.0,True
17,0.0,1.0,False
3362,0.0,1.0,False
3222,1.0,1.0,True
2820,1.0,0.0,False
1877,0.0,1.0,False
3356,0.0,1.0,False
103,1.0,1.0,True
573,0.0,1.0,False
3381,1.0,1.0,True
2407,1.0,1.0,True
2278,0.0,1.0,False
1487,1.0,1.0,True
2897,0.0,1.0,False
1569,1.0,1.0,True
1454,1.0,1.0,True
1942,0.0,0.0,True
2980,0.0,1.0,False
1765,1.0,0.0,False
1595,0.0,1.0,False
2311,1.0,1.0,True
3517,0.0,1.0,False
2623,1.0,1.0,True
2187,0.0,0.0,True
2554,0.0,0.0,True
2265,1.0,1.0,True
3348,1.0,1.0,True
2508,1.0,1.0,True
1071,1.0,1.0,True
2254,0.0,0.0,True
897,0.0,1.0,False
3171,0.0,1.0,False
1980,0.0,1.0,False
1646,1.0,1.0,True
2956,1.0,1.0,True
3134,1.0,1.0,True
2408,1.0,0.0,False
3589,1.0,1.0,True
2174,1.0,1.0,True
2875,0.0,0.0,True
2534,1.0,0.0,False
1157,1.0,1.0,True
3183,1.0,1.0,True
1397,0.0,0.0,True
1259,0.0,1.0,False
2944,0.0,1.0,False
1991,1.0,1.0,True
2739,0.0,0.0,True
2682,1.0,0.0,False
1442,0.0,0.0,True
2315,0.0,1.0,False
449,0.0,1.0,False
1156,1.0,1.0,True
1821,1.0,1.0,True
1206,1.0,1.0,True
2277,1.0,1.0,True
356,0.0,1.0,False
1354,1.0,1.0,True
2929,1.0,1.0,True
2166,0.0,1.0,False
227,0.0,0.0,True
2631,1.0,1.0,True
3067,1.0,1.0,True
3574,1.0,0.0,False
2232,1.0,1.0,True
1653,1.0,1.0,True
872,1.0,0.0,False
3787,1.0,1.0,True
3135,1.0,1.0,True
3435,1.0,0.0,False
288,0.0,1.0,False
117,0.0,0.0,True
2693,0.0,0.0,True
325,0.0,0.0,True
3713,1.0,0.0,False
3125,1.0,1.0,True
2275,0.0,1.0,False
624,1.0,1.0,True
2910,1.0,1.0,True
1274,1.0,1.0,True
2320,1.0,0.0,False
3546,1.0,1.0,True
3233,1.0,1.0,True
2629,0.0,1.0,False
1609,0.0,1.0,False
599,1.0,1.0,True
613,1.0,1.0,True
455,1.0,1.0,True
2099,0.0,1.0,False
2096,1.0,1.0,True
3672,0.0,0.0,True
1363,0.0,1.0,False
1981,1.0,0.0,False
3419,1.0,1.0,True
850,0.0,0.0,True
1707,1.0,0.0,False
3032,1.0,1.0,True
1822,1.0,0.0,False
1555,1.0,0.0,False
1732,1.0,0.0,False
2968,1.0,0.0,False
3577,1.0,1.0,True
2404,0.0,1.0,False
1756,1.0,1.0,True
1811,0.0,1.0,False
853,0.0,1.0,False
743,1.0,1.0,True
935,1.0,1.0,True
3016,1.0,1.0,True
56,1.0,0.0,False
2954,0.0,0.0,True
445,1.0,1.0,True
516,0.0,1.0,False
2431,1.0,0.0,False
2318,1.0,1.0,True
762,0.0,1.0,False
530,0.0,1.0,False
616,1.0,0.0,False
3786,1.0,1.0,True
3691,1.0,1.0,True
1883,0.0,0.0,True
1036,1.0,1.0,True
2509,0.0,1.0,False
3283,1.0,0.0,False
1419,0.0,1.0,False
816,1.0,1.0,True
152,0.0,0.0,True
3472,0.0,0.0,True
1261,1.0,1.0,True
2345,1.0,0.0,False
799,1.0,1.0,True
384,1.0,1.0,True
1966,0.0,1.0,False
1138,0.0,0.0,True
1406,0.0,1.0,False
58,1.0,1.0,True
1941,0.0,0.0,True
1637,1.0,0.0,False
3059,1.0,1.0,True
1108,1.0,0.0,False
715,1.0,1.0,True
982,1.0,0.0,False
2596,1.0,0.0,False
51,0.0,1.0,False
3196,0.0,1.0,False
2469,1.0,0.0,False
1177,0.0,0.0,True
2093,1.0,0.0,False
591,0.0,0.0,True
2613,1.0,1.0,True
1982,1.0,1.0,True
1239,0.0,1.0,False
1103,1.0,1.0,True
2194,1.0,0.0,False
1158,1.0,1.0,True
3422,1.0,1.0,True
2515,1.0,1.0,True
648,0.0,0.0,True
2996,1.0,1.0,True
2363,1.0,0.0,False
2426,1.0,0.0,False
305,0.0,1.0,False
3276,1.0,0.0,False
2452,0.0,1.0,False
324,0.0,0.0,True
270,0.0,1.0,False
1339,0.0,1.0,False
2827,1.0,1.0,True
3399,0.0,0.0,True
89,0.0,1.0,False
1318,1.0,1.0,True
3413,1.0,1.0,True
2750,1.0,1.0,True
1456,1.0,0.0,False
478,1.0,1.0,True
2293,0.0,1.0,False
1390,1.0,0.0,False
3402,1.0,0.0,False
2349,0.0,1.0,False
1587,1.0,0.0,False
3537,1.0,1.0,True
50,1.0,0.0,False
1738,0.0,0.0,True
3198,1.0,0.0,False
299,1.0,1.0,True
2603,0.0,1.0,False
877,1.0,1.0,True
1581,1.0,1.0,True
954,0.0,1.0,False
797,0.0,0.0,True
1011,0.0,0.0,True
3586,1.0,0.0,False
2297,1.0,1.0,True
2398,0.0,1.0,False
999,0.0,1.0,False
126,1.0,1.0,True
3106,0.0,0.0,True
659,0.0,1.0,False
3145,0.0,1.0,False
2082,0.0,1.0,False
2940,0.0,0.0,True
826,1.0,1.0,True
1820,1.0,0.0,False
2190,1.0,1.0,True
696,1.0,0.0,False
113,1.0,0.0,False
3438,1.0,1.0,True
2390,1.0,1.0,True
1066,0.0,0.0,True
1295,0.0,1.0,False
424,1.0,1.0,True
1015,1.0,1.0,True
1699,1.0,1.0,True
304,1.0,0.0,False
3452,0.0,1.0,False
1953,0.0,1.0,False
2978,0.0,0.0,True
1282,0.0,1.0,False
1199,1.0,1.0,True
3608,0.0,1.0,False
2896,1.0,1.0,True
1602,0.0,1.0,False
1091,1.0,0.0,False
378,1.0,0.0,False
1477,1.0,1.0,True
1840,0.0,0.0,True
1916,1.0,1.0,True
3772,1.0,1.0,True
3567,1.0,1.0,True
1196,1.0,1.0,True
1571,1.0,0.0,False
2422,1.0,0.0,False
330,1.0,1.0,True
631,1.0,0.0,False
2690,1.0,1.0,True
2027,1.0,1.0,True
700,1.0,1.0,True
2159,1.0,0.0,False
1279,1.0,1.0,True
142,1.0,0.0,False
2579,0.0,1.0,False
65,1.0,1.0,True
640,0.0,1.0,False
350,0.0,1.0,False
391,0.0,1.0,False
908,0.0,1.0,False
45,0.0,1.0,False
2104,1.0,1.0,True
108,1.0,1.0,True
2570,1.0,1.0,True
2000,0.0,1.0,False
2309,0.0,1.0,False
545,1.0,1.0,True
2536,1.0,0.0,False
3709,1.0,1.0,True
1467,0.0,1.0,False
3382,0.0,1.0,False
2233,1.0,0.0,False
1344,1.0,0.0,False
3071,0.0,1.0,False
3155,0.0,1.0,False
1761,1.0,1.0,True
2817,1.0,0.0,False
1378,0.0,1.0,False
2004,0.0,0.0,True
2231,1.0,0.0,False
645,0.0,1.0,False
1322,0.0,1.0,False
1241,1.0,0.0,False
841,0.0,0.0,True
2634,1.0,0.0,False
3079,1.0,1.0,True
1605,1.0,1.0,True
490,0.0,1.0,False
606,1.0,1.0,True
3718,1.0,1.0,True
1176,0.0,1.0,False
1276,1.0,1.0,True
2877,0.0,1.0,False
1356,0.0,1.0,False
3036,1.0,0.0,False
1936,1.0,1.0,True
2950,0.0,0.0,True
1017,1.0,1.0,True
2549,0.0,1.0,False
528,0.0,1.0,False
3141,1.0,0.0,False
2425,0.0,0.0,True
1899,1.0,0.0,False
2983,0.0,1.0,False
3776,0.0,0.0,True
2393,0.0,1.0,False
1237,1.0,1.0,True
2328,1.0,1.0,True
3666,0.0,0.0,True
2305,1.0,1.0,True
2042,1.0,0.0,False
2071,1.0,1.0,True
3344,1.0,1.0,True
